solar_intensity,temperature,cloud_cover,humidity,wind_speed,energy_output
500.0,29.3,58.0,68.0,2.8055555555555554,2.0
500.0,28.3,34.0,67.0,2.888888888888889,2.0
500.0,28.5,65.0,71.0,1.5,2.0
500.0,29.2,18.0,69.0,2.305555555555556,2.0
500.0,29.5,26.0,60.0,3.5,2.0
500.0,29.4,33.0,62.0,4.305555555555555,2.0
500.0,28.6,39.0,68.0,4.805555555555555,2.0
